question,answer
Come posso fare un ordine?,"Acquistare online √®facile e comodo, puoi sempre scegliere se ricevere il tuo ordinedirettamente a casa o in cantiereeritirarlo in negozio.Vai sul sitowww.tecnomat.itseleziona il negozioda cui vuoi acquistareQuando entri per la prima volta sul sito, scegli il negozio pi√π vicino a te o il negozio di riferimento perpoter conoscere prodotti, gamme, prezzi e disponibilit√†del punto vendita selezionato. Puoi modificare la tua scelta in qualsiasi momento in modo facile e veloce, vai sul nome del negozio e clicca ""cambia negozio"".crea il tuo carrelloe procedi all'acquistoPer acquistare su Tecnomat devi essere registrato. Se hai gi√† un account accedi con il tuo indirizzo, email e password, se sei un nuovo clienteprocedi alla registrazione.scegli sericevere il tuo ordinedirettamente a casa oritirarlo nel negozioselezionato in precedenzaPer conoscere i tempi di preparazione e spedizione del tuo negozio di riferimento, puoi verificare direttamente nella scheda del prodotto o a carrello.seleziona il metodo di pagamentotra quelli proposti:- carta di credito (Mastercard, Visa, Maestro, Visa Electron e PostePay)- bonifico bancario (i tempi di preparazione devono essere calcolati dalla data in cui Tecnomat riceve il pagamento)- Paypal-Paga in 3 rate con Paypalcontrolla i dettaglidel tuo ordineprocedi all'acquistoe ricevi una email di conferma.Puoi controllare sempre tutti i dettagli relativi al tuo ordine nella tua Area personale."
Posso controllare lo stato dell'ordine?,"Puoi sempreverificare lo stato del tuo ordine dall'Area personale.Itempi di ritirosono, in media, di5 giorni lavorativie possono subire variazioni in base alla scelta del negozio in cui viene fatto l'ordine o dalla tipologia di prodotto acquistato.Itempi di consegnasono, in media, di10 giorni lavorativie possono variare in base ai prodotti richiesti, dal negozio in cui viene fatto l‚Äôordine, dalla distanza dal punto vendita, dalla localit√† di spedizione e dalla merce ordinata."
Posso modificare un ordine?,"La modifica di un ordinedipende da diversi fattorie non √® possibile effettuarla in autonomia nella propria Area personale.Per fare una modifica al tuo ordine,Contattacicon tutti i dettagli.Puoi chiedere di fare una variazione per le seguenti motivazioni:eliminareun prodottoaggiungereun prodottocambiare la quantit√†di uno o pi√π prodotti (la modifica dipende dalla disponibilit√† del prodotto nel negozio scelto per l'acquisto)."
Come posso fare il reso di un prodotto acquistato?,"Come gesto commerciale, Tecnomat accetta le richieste di reso anche permerce conforme e non difettosa.Puoi fare ilresodi un prodottoentro 30 giorni dall'acquisto(escluso i prodotti su misura e personalizzati), devi essere in possesso di:scontrino o fatturaprodotto completo di imballo e in perfetto stato di conservazione.L'accettazione del reso √® a discrezione del negozio.La riconsegna di un prodotto acquistato online deve avvenire con:spedizioneall'indirizzo del negozio scelto in fase di acquistoconsegna direttain qualsiasi negozio Tecnomat.Per conoscere di pi√π sulla modalit√† per effettuare il reso, consulta la paginaReso e rimborsoo rivolgiti all'Accoglienza in negozio."
Quali sono i tempi di preparazione per un ordine online?,"Itempi di preparazionedi un ordine sono, in media, di5 giorni lavorativie dipendono:dalla tipologia dei prodotti acquistatidal negozio da cui si decide di fare l'ordine.Puoiverificare i giorni di preparazionedirettamente nella pagina del prodotto enel riepilogo del carrello.In caso di pagamento con bonifico bancario, le tempistiche partono dalla data di ricezione del pagamento."
Cosa devo fare se il prodotto presenta un difetto?,"Seil prodotto acquistato presenta un difetto, Tecnomat fornisce l‚Äôassistenza prevista, provvedendo con l‚Äôeventuale sostituzione o riparazione dello stesso.Il reso del prodotto difettoso pu√≤ essere effettuatoentro 2 anni dai clienti privatiedentro 1 anno daiprofessionisti.In caso di acquisto in negozio √® necessario fare il reso del prodotto fisicamente presso il punto vendita,se l'acquisto √® avvenuto online puoi fare il reso fisicamente presso qualsiasi punto vendita oppure spedire il prodotto al negozio di acquisto, previo contatto.Per ulteriori informazioni consulta lapagina reso e rimborso."
Posso fare in negozio il reso di un prodotto acquistato online?,"Il prodotto acquistato online pu√≤ essere reso attraverso due modalit√†:spedizioneall'indirizzo del negozio scelto in fase di acquistoconsegna direttain qualsiasi negozio Tecnomat.Puoirichiedere il resodi un prodottoentro 30 giorni dall'acquisto, devi essere in possesso di:scontrino o fatturaprodotto completo di imballo e in perfetto stato di conservazione.L'accettazione del reso √® a discrezione del negozio.Per ulteriori informazioni consulta lapagina reso e rimborso."
Quali sono i tempi per avere il rimborso di un acquisto online?,"I tempi di rimborso possono variare se l'ordine √® annullato prima o dopo il prelievo dell'importo.Quando si inserisce un pagamento,l‚Äôimporto totale dell‚Äôordine non √® addebitato immediatamentema √® richiesta solo la pre-autorizzazione, con plafond necessario all'acquisto.¬†L‚Äôaddebito effettivoavvienesolo quando i prodotti sono pronti per il ritiro o per la consegna.Se l'ordine √® annullato prima del prelevamento dell'importo, l'autorizzazione decade automaticamente al momento dell‚Äôannullamento dell‚Äôordine, se avviene dopo il prelevamento del denaro, l'importo √® riaccreditato nei 14 giorni successivi all'inserimento.In caso di reso, se il cliente sceglie di essere rimborsato, vieneriaccreditato il solo importo relativo al prezzo della merce, sono pertanto escluse dal rimborso eventuali spese di preparazione, spedizione e servizi accessori."
Esiste un minimo d'ordine per gli acquisti online?,"Acquistare online √® facile e comodo, puoi semprescegliere se ricevere il tuo ordine direttamente a casaoin cantiere, oppureritirarlo in negozio.Il minimo d'ordineper un acquisto Tecnomat online√® di ‚Ç¨50.Per un periodo limitato, puoi acquistare senza un minimo d'ordine solo per i negozi di:AsseminiCerro MaggioreFerraraSassari."
Come posso usufruire del diritto di recesso per un acquisto online?,"Per usufruire del diritto di recesso per un acquisto online hai tempo14 giornidalla ricezione dell'ordine.Per avvalersi del diritto di recesso devi comunicare a Tecnomat la tua intenzione a recedere, compilando e inviando ilmodulo che trovi nella sezione Modulisticadella tua Area personale.Entro 14 giorni dalla richiesta devi riconsegnare il prodotto attraverso 2 modalit√†:spedizione al negozioselezionato in fase di acquisto (spese di spedizione a tuo carico);consegna direttain qualunque negozio.Tecnomat effettua le necessarie verifiche eprocede al rimborso entro i 14 giornidalla ricezione della comunicazione.Per maggiori informazioni consulta lapagina recesso."
I costi di preparazione sono previsti anche per gli ordini con ritiro in Negozio?,"La preparazione comprende tutte le attivit√† di movimentazione della merce utili alla sua protezione e messa in sicurezza, imballaggio e stoccaggio fino al ritiro.I costi di preparazione sono calcolatiapplicando il 2% sul totale dell'ordine, perun minimo di ‚Ç¨2 e un massimo di ‚Ç¨40.Esempio:Con un ordine di ‚Ç¨300 il costo della preparazione √® ‚Ç¨6 (2% sul totale dell'ordine), per ordini di ‚Ç¨50 il valore della preparazione √® di ‚Ç¨2 (costo minimo) e ordini di ‚Ç¨2.500 il costo √® di ‚Ç¨40 (costo massimo)."
Chi non ha la partita Iva pu√≤ acquistare in Tecnomat?,"In Tecnomat possono acquistare clienti privati e professionisti con partita Iva.Abbiamo una formula divendita all'ingrosso e al dettagliopensata per qualsiasi cliente che ha bisogno di prodotti in grandi quantit√†, ad un prezzo basso e sotto lo stesso tetto.Come posso acquistare?Per acquistare puoi passare in uno deinegozi Tecnomato online in pochi e semplici passaggi:Vai sul sitowww.tecnomat.iteseleziona il negozioda cui vuoi acquistareQuando entri per la prima volta sul sito, scegli il negozio pi√π vicino a te o il negozio di riferimento perpoter conoscere prodotti, gamme, prezzi e disponibilit√† del punto vendita selezionato. Puoi modificare la tua scelta in qualsiasi momento in modo facile e veloce, vai sul nome del negozio e clicca ""cambia negozio"".crea il tuo carrelloe procedi all'acquistoPer acquistare su Tecnomat devi essere registrato. Se hai gi√† un account accedi con il tuo indirizzo, email e password, se sei un nuovo clienteprocedi alla registrazione.scegli sericevere il tuo ordinea casa oritirarlo nel negozioselezionato in precedenzaPer conoscere i tempi di preparazione e spedizione del tuo negozio di riferimento, puoi verificare direttamente nella scheda del prodotto o a carrello.seleziona ilmetodo di pagamento,controlla i dettaglidel tuo ordine eprocedi all'acquisto.Puoi controllare sempre tutti i dettagli relativi al tuo ordine nella tua Area personale."
Ci sono costi di giacenza se non ritiro l'ordine in negozio?,"Tecnomat non effettua servizio di deposito el'ordine deve essere ritirato entro 7 giorni dalla ricezione della emaildi merce pronta per il ritiro.Decorsi 7 giorni, Tecnomat custodisce i prodotti per conto del cliente per ulteriori 7 giorni lavorativi, presso il negozio prescelto ad uncosto di giacenza pari a ‚Ç¨3 al giornoper ogni bancale, addebitati al momento del ritiro e a discrezione del negozio.Per ulteriori informazioni consulta lapagina ritiro in negozio."
Sito in manutenzione. Cosa posso fare?,"La manutenzione del sito Tecnomat √® importante per garantire sempre le migliori prestazioni.Durante l'aggiornamento il sito √® irraggiungibilee l'attivit√† di manutenzione pu√≤ richiedere del tempo,ti consigliamo di provare ad accedere al sito pi√π tardiper continuare la navigazione.Se stavi acquistando online e non sai se il pagamento √® andato a buon fine o hai bisogno di supporto su un ordine,Contatta il nostro servizio clienti.Ci scusiamo in anticipo per l'inconveniente."
Quali sono i tempi di consegna?,"I tempi di preparazione e spedizione sono, in media, di10 giorni lavorativie possono variare in base a:prodottirichiestinegozioin cui viene fatto l‚Äôordinedistanzadal punto venditalocalit√†di spedizione.Incaso di bonifico, le tempistiche partono dalla data di ricezione del pagamento.L'ordine √®spedito quando tutti i prodotti che hai ordinato sono disponibilie i tempi di consegna variano a seconda del trasportatore incaricato.Per ulteriori informazioni consulta lapagina¬†Spedizioni e Consegne."
Posso controllare lo stato della spedizione?,Non appena l'ordine √® affidato al corriere riceverai unaemail di confermadi avvenuta presa in carico dei tuoi prodotti.Successivamente il corriere ti contatter√†telefonicamenteper concordare l'appuntamento e una fascia oraria di sicuro presidio (evitando che la merce vada in giacenza).
Quanto costa la consegna?,"Gli ordini con consegna prevedono sempre costi di preparazione e di spedizione.I costi di preparazione sono necessari per l'imballaggio e la movimentazione della merce mentre i costi di spedizione sono le spese di trasporto calcolate in automatico sulla base del peso, volume, tipologia di prodotto e distanza dal negozio scelto.Icosti di trasportopossono esserecalcolati direttamente sul sito, indicando il CAP di destinazione in fase di acquisto.Il sistema determina i costi di trasporto solo per ordini che hanno raggiunto ilcarrello minimo per poter acquistare online, compara le tariffe e sceglie esclusivamente il corriere pi√π conveniente.Per effettuare il calcolo vengono considerati:pesovolumedistanza.Il costo di consegna a carrello √® un valore stimato, latariffa corretta √® visibile a checkoutdopo aver inserito l'indirizzo di consegna dell'ordine.Se il sistema non √® in grado di calcolare i costi, ti viene proposto diinviare una richiesta di preventivo, in modo che il negozio pu√≤ calcolarli tempestivamente e darti riscontro con una email."
Effettuate il servizio di consegna a domicilio?,"La consegna a domicilio √® un servizio che puoi scegliere per i tuoi acquisti in negozio e online.Chiediin negozio un preventivo direttamente all'Accoglienzaoacquista onlinee, dopo aver creato il tuo carrello, scegli la consegna per poter ricevere i tuoi prodotti direttamente a casa o in cantiere."
Posso scegliere giorno e ora di consegna?,"Non appena verr√† affidato al corriere il tuo ordine, ti contatter√† telefonicamenteper concordare l'appuntamento e la fascia oraria di sicuro presidio(evitando che la merce vada in giacenza)."
Come posso controllare l'integrit√† della merce alla consegna?,"Al momento della consegna dei prodotti controlla che:il numero dei colli corrisponda a quanto indicato nel documento d‚Äôaccompagnamento del corrierel'imballo dei prodotti risulti integro, non danneggiato e privo di macchie di umidit√†il nastro a sigillo della spedizione sia intatto (per agevolare i controlli di solito ultimiamo l‚Äôimballo delle nostre spedizioni utilizzando il film coprente bianco o blu e il nastro Tecnomat).Nel caso dievidente non conformit√†odanni apparentirifiuta la consegna ed informaci entro 48 ore descrivendo l'accaduto.In caso didubbi sull'integrit√† della merceaccetta la consegna ma aggiungi alla firma sul documento di trasporto la scritta ""accetto con riserva per ... "" e il motivo specifico (esempio: accetto con riserva per collo bagnato, per collo schiacciato, ecc.). Se la riserva non √® circostanziata, non ha alcun valore.Non effettuando una delle suddette operazioni, il corriere si solleva da ogni responsabilit√† per danni avvenuti durante il trasporto."
Posso scegliere la consegna al piano?,"La consegna a domicilio si intende sempre abordo strada, in prossimit√† dell'ingresso del numero civico.In caso di impedimenti stradali (es. strada stretta, lavori in corso ecc..) il corriere consegner√† nel punto pi√π vicino al numero civico in cui il mezzo pu√≤ arrivare.Ricordiamo che i corrieri non effettuano servizio di facchinaggio e¬†non √® possibile richiedere una consegna posticipata."
Perch√© in alcuni casi le spese di spedizione sono pi√π alte?,Le spese di spedizione sono elevate perch√©stai acquistando prodotti pesanti o voluminosi.Molti siti e-commerce pubblicizzano la consegna gratuita o quasi perch√© inglobano i costi logistici all'interno del prezzo dell'articolo.La nostra scelta √® quella di offrirti ogni prodotto almiglior prezzo disponibile sulla piazza.
Posso inviare l'ordine a un indirizzo diverso dal mio?,"In fase di acquisto puoi indicare l'indirizzo presso il quale vuoi che avvenga la consegna dell'ordine:domiciliocantiereprivatoazienda.Per cantieri e aziende specifica gli oraridi sicuro presidio per evitare che il corriere non trovi nessuno e mandi la merce in giacenza.Verifica sempre che le informazioni relative all'indirizzo di consegna siano corrette e complete.Nel caso in cui il trasportatore addebiti a Tecnomat eventuali costi aggiuntivi derivanti dalla comunicazione di un indirizzo errato o incompleto, questi costi ti potrebbero essere addebitati."
Come faccio a sapere quando andare in negozio a ritirare i prodotti che ho comprato?,"Dopo aver acquistato online, puoi scegliere sericevereil tuo ordinea casaoritirarlo in negozio.Appena l'ordine √® prontoper il ritiro in negozio, ti avvisiamo con unaemailin cui sono indicati:oraridi ritiroindirizzoesatto per il ritirodimensionidell'ordinepesoevolumedella merceeventualenumero di bancali.Solo per i negozi diSassari, Cavallino, Segrate, Cerro Maggiore√®disponibile l'appuntamento telefonico.Quando il tuo ordine √® pronto, il negozio ti contatter√† telefonicamente per prenotare giorno e ora di ritiro.Solo per i negozi diAssemini, Misterbianco, Ragusa, Capodrise, Aprilia, Sesto Fiorentino, Dalmine, Pero, Caronno Pertusella, Carate Brianza, Ferrara, Bologna, Rimini, Ravenna, San Fior e Altavilla Vicentina√®disponibile il servizio di appuntamento per il ritiro.Quando il tuo ordine √® pronto, ti invieremo una email con un link per prenotare il giorno e la fascia oraria disponibile per il ritiro dell'ordine.Il giorno del ritiro √® opportuno presentarsi con unmezzo idoneoal caricamento della merce acquistata.Per maggiori informazioni consulta lapagina ritiro in negozio."
Cos'√® il ritiro rapido?,"Ilservizio di ritiro rapido, al momento, √®disponibile solo nel negozio di Cerro Maggiore.Puoi scegliere tra pi√π di 1000 prodotti ordinabili comodamente da casa, o dal tuo cantiere, e ritirare in negozio il giorno dopo.Vai sulsito Tecnomatcrea il tuo carrellocon i prodotti ritiro rapido (se nel carrello ci sono prodotti che hanno tempi di ritiro diversi, puoi scegliere di continuare con i tempi di ritiro standard, cio√® 7 giorni)acquista e ritirail tuo ordine il giorno dopo.Ricorda che se decidi di pagare con bonifico bancario non possiamo applicare il servizio di ritiro rapido ma si applicheranno i tempi standard (7 giorni).Per ulteriori informazioni consulta lapagina ritiro rapido."
Quali documenti devo portare per ritirare l'ordine?,Il ritiro in negozio √® possibilesoloesibendo undocumento d‚Äôidentit√†.In caso diritiro da parte di terzi√® necessario presentarsi con:modulo di delegacompilatocopiadeldocumento d‚Äôidentit√†dell‚Äôintestatariodell‚Äôordine.Ildocumento di delega√®scaricabiledalla tua Area personalenella sezione Modulistica.Ricordati sempre di presentarti il giorno del ritiro munito di mezzo idoneo per ritirare tutto il tuo ordine.Per ulteriori informazioni consulta lapagina ritiro in negozio.
Posso ritirare l'ordine in un negozio diverso da quello in cui ho comprato?,"I prodotti devono essere ritiratisolopresso il negozio selezionatoin cui √® stato fatto l'acquisto.Non effettuiamoservizio ditrasferimento merce.Come seleziono o cambio il negozio da cui voglio acquistare?Quando entri per la prima volta sul sito, scegli il negozio pi√π vicino a te o il negozio di riferimento perpoter conoscere prodotti, gamme, prezzi e disponibilit√†del punto vendita selezionato.Puoi modificare la tua scelta in qualsiasi momento in modo facile e veloce, vai sul nome del negozio e clicca ""cambia negozio""."
L'ordine dev'essere ritirato tutto una sola volta?,"Dopo aver acquistato online, puoi scegliere sericevere¬†il tuo ordine¬†a casaoritirarlo in negozio.Se scegli di ritirare il tuo ordine direttamente nel negozio scelto in fase di acquisto deviritirare i prodottitutti in un unico momento.C'√® un servizio di deposito?Tecnomatnon effettua servizio di deposito, hai tempo 7giorni dalla ricezione della emaildi ordine prontoper poter ritirare i tuoi prodotti senza nessun costo di giacenza.Decorsi i 7 giorni, Tecnomat ti custodisce i prodotti per ulteriori 7 giorni lavorativi, presso il negozio prescelto, ad un costo di giacenza pari a ‚Ç¨3 al giorno per ogni bancale, addebitati al momento del ritiro e a discrezione del negozio.Trascorsi i 7 giorni lavorativi dalla ricezione dell‚Äôavviso, senza riscontro, il Contratto di Vendita si intende risolto, l'ordine annullato e il relativo importo rimborsato nella stessa modalit√† di pagamento utilizzata in fase di acquisto, detratti i costi di preparazione e giacenza."
Posso delegare qualcuno per il ritiro?,Ilritiro in negoziopu√≤ essere fatto anche da unincaricato diverso dall'intestatariodell'ordine.Per procedere con il ritiro in negozio con delega √® necessario presentarsi con:ilmodulo di delegacompilatounacopia del documentod‚Äôidentit√† dell‚Äôintestatariodell‚Äôordine.Ildocumento di delega √® scaricabiledalla tuaArea personalenella sezione Modulistica.Per ulteriori informazioni consulta lapagina ritiro in negozio.
Cos'√® il servizio di locker Tecnomat?,"Ilservizio di ritiro locker√® attualmentedisponibile solo nel negozio di Cerro Maggiore.Fai il tuo ordine con ritiro in negozio e, in base alla tipologia di acquisto, lo disporremo nel locker o potrai fare il ritiro direttamente in negozio.Vai sulsito Tecnomatcrea il tuo ordineattendi l'email con il codice di ritiroe QR code per il ritiro presso il lockervai al locker in negozio, digita il codice o scansiona il QR code, segui le istruzioni sullo schermo e ritira il tuo ordine.Per ulteriori informazioni consulta la nostrapagina dedicata al locker."
Offrite il servizio di deposito?,"Tecnomatnon effettua servizio di deposito, hai tempo7¬†giorni dalla ricezione della emaildi ordine prontoper poter ritirare i tuoi prodotti senza nessun costo di giacenza.Decorsi i 7 giorni, Tecnomat ti custodisce i prodotti per ulteriori 7 giorni lavorativi, presso il negozio prescelto, ad un costo di giacenza pari a ‚Ç¨3 al giorno per ogni bancale, addebitati al momento del ritiro e a discrezione del negozio.Trascorsi i 7 giorni lavorativi dalla ricezione dell‚Äôavviso, senza riscontro, il Contratto di Vendita si intende risolto, l'ordine annullato e il relativo importo rimborsato nella stessa modalit√† di pagamento utilizzata in fase di acquisto, detratti i costi di preparazione e giacenza."
Offrite il servizio di posa e installazione?,Nei negozi Tecnomat √® possibile richiedere unservizio di posa effettuato dai nostri partner posatori per serramenti in pronta consegna o su misura:finestrepersianescuritapparellecassonetti.Per ulteriori informazioni consulta lapagina posa e Installazione.
Offrite il servizio di taglio legno?,"Effettuiamo ilservizio di taglio legno su misura, in una zona dedicata del reparto falegnameria di tutti i negozi Tecnomat.Iprimi due tagli sono gratuiti, dal terzo il costo √® ‚Ç¨0,50 al pezzo."
Offrite la possibilit√† di fare prodotti personalizzati o su misura?,"Nei negozi Tecnomat puoi fare preventivi personalizzati per l'acquisto dei seguenti prodotti su misura:finestretapparelle, veneziane e tende a rullopersiane e scuri, tende da sole, porte tagliafuoco, falsi telai a taglio termico, cassonetti per tapparelle, cancelletti estensibili, porte basculanti e porte sezionali."
"Sono un artigiano. Posso offrire servizi di posa, installazione e montaggio dei vostri prodotti ai clienti Tecnomat?","Tecnomatcerca posatori di infissi e di impianti fotovoltaiciper entrare nella squadra di posatori partner.Per conoscere tutti i requisiti, i vantaggi e ulteriori informazioni consulta lapagina partner posatori infissi."
Come posso inviare il mio CV per lavorare in Tecnomat?,"L‚Äôinvio delle candidature avviene esclusivamente tramite ilsito dedicato alle opportunit√† di lavoro.Il processo √® facile, veloce e garantisce un'attenta presa in carico delle candidature.Ti consigliamo divisitare e monitorare costantemente il sitoper trovare leposizioni apertecostantemente aggiornate, lericerche legate alle prossime aperture, con la possibilit√† di candidarti direttamente e scoprire di pi√π su di noi, sui nostri valori e sul nostro modo di lavorare."
Offrite il servizio di tintometria?,"In tutti i negozi Tecnomat √® presente unamacchina tintometrica professionalee unospettrofotometroper realizzaretinte personalizzate,replicare coloriesistenti e, su ordinazione, usufruire di unservizio tintometrico industrialeadatto alle grandi superfici.Puoi trovare il servizio in corrispondenza delreparto vernicio all'esterno nei pressi delcentro edilizia.Per ulteriori informazioni consulta lapagina dedicata ai colori su misura."
Come invio la proposta per un prodotto o un servizio che pu√≤ interessarvi?,"Se desideri candidarticome fornitore di un prodotto o di un servizio,Contattaci qui."
√à possibile fare acquisti in rete per la Pubblica Amministrazione?,Per informazioni suacquisti in rete per la Pubblica Amministrazione√® necessario contattarci all'indirizzo email dedicato:vendite.pa@tecnomat.it.Per ulteriori informazioni consulta lapagina Acquisti Pubblica Amministrazione.
Qual √® il numero di telefono del Servizio Clienti?,Per metterti in contatto con il nostro Servizio Clienti eavere la risposta che cerchi in modo veloce e praticopuoi scriverci dalla sezioneContattaci.Il nostroServizio Clientirisponde anche alnumero unico 02 8390 5463.Il servizio √® su scala nazionale ma puoi sempre essere messo in contatto con il tuo negozio di interesse.Il servizio √® disponibile:luned√¨ - venerd√¨dalle 8:00 alle 18:00sabatodalle 8:00 alle 13:00.Quando il servizio non √® attivo puoiscriverci dalla sezioneContattaciper avere una risposta diretta alla tua richiesta.
Qual √® il Negozio Tecnomat pi√π vicino a me?,Per conoscere ilnegozio Tecnomat pi√π vicino a tee tutti i punti vendita consulta lapagina Negoziche trovi sul nostro sito.
Quali sono gli orari di apertura di un Negozio Tecnomat?,"Puoi consultare gliorari, lechiusuree leaperturestraordinarie del negozio di tuo interesse cliccando, in alto a sinistra, sulla freccia accanto al nome del negozio.Per conosceretutte le informazioni di un negozio Tecnomat,consulta lapagina Negozie scegli il negozio di tuo interesse."
I Negozi Tecnomat sono aperti durante le festivit√†?,"I negozi Tecnomat sonoaperti tutto l'anno, domeniche e festivit√† comprese,ad esclusione di eccezionie nelleseguenti date:1 gennaioPasqua e Luned√¨ dell'Angelo1 maggio15 agosto25 dicembre26 dicembreTutte leaperture straordinariesono consultabili nel dettaglio del tuo negozio di riferimento, cliccando, in alto a sinistra, sulla freccia accanto al nome del negozio."
Come faccio a sapere se apre un Tecnomat vicino a me?,Per rimanereaggiornato sulle nuove apertureti consigliamo di consultare le nostre paginesocial Tecnomat:FacebookInstagramLinkedinTikTokYouTube.Per conoscere tutte le informazioni sulle nuoveofferte di lavoro in Tecnomatconsulta la paginaLavoroche trovi sul nostro sito.
Vorrei sapere se un prodotto √® disponibile. Come faccio?,"Sul sito Tecnomat trovi l'indicazione della quantit√†disponibile del prodotto che cerchi.Seleziona il negozioper vedere la disponibilit√† del prodotto che ti interessaQuando entri per la prima volta sul sito, scegli il negozio pi√π vicino a te o il negozio di riferimento perpoter conoscere prodotti,gamme,prezziedisponibilit√†del punto vendita selezionato. Puoi modificare la tua scelta in qualsiasi momento in modo facile e veloce, vai sul nome del negozio e clicca ""cambia negozio"".cerca o navigasuwww.tecnomat.itper trovare il prodotto giustoentra nella pagina dedicata all'articoloe scopri le quantit√† disponibili:ONLINE√® la quantit√† che hai a disposizione per un ordine sul nostro sito, con consegna o ritiro nel negozio selezionatoIN NEGOZIO√® la quantit√† che trovi se ti rechi nel punto vendita selezionato.Vuoi saperne di pi√π?Nel sito sono presenti alcuni casi particolari in cui, nella pagina dedicata al prodotto, non √® indicata la disponibilit√†:DISPONIBILE A BREVEsignifica che il prodotto, nel negozio scelto, √® temporaneamente non disponibile. Per conoscere le disponibilit√† √® possibile cliccare su ""avvisami quando disponibile"" per ricevere una email o aspettare l'approvvigionamento.SU ORDINAZIONEsignifica che il prodotto non √® disponibile immediatamente e puoi ordinarlo solo recandoti in negozio."
"Il prodotto che cerco non √® disponibile, come faccio a sapere quando torna disponibile?","Quando un prodotto √® temporaneamente non disponibile, sulla scheda si attiva il pulsante""Avvisami quando disponibile"".Questa funzione permette di ricevere unavviso tramite emailnon appena il prodotto √® nuovamente disponibile, solo per gliutenti registrati al sito."
Ho bisogno della scheda di posa o la certificazione di un prodotto che ho acquistato. Dove posso trovarla?,"Sulsito Tecnomatpubblichiamo tutte leschede tecniche, di posa, di sicurezza e certificazionidi cui disponiamo.Sonosempre consultabilidirettamente sulla pagina di ciascun prodotto. Se non trovi il documento che cerchi,Contattaci."
Posso ordinare o prenotare un prodotto con disponibilit√† a breve?,"Quando un prodotto √® con statoA BREVEsignifica che in quel negozio√® temporaneamente non disponibilee non √® possibile ordinarlo o prenotarlo.Se sei un cliente registratopuoi cliccare su""avvisami quando torna disponibile""e ricevere una email per conoscere quando il prodotto torner√† in stock nel negozio di riferimento.Le quantit√† saranno nuovamente visibili online quando il prodotto sar√† nuovamente approvvigionato."
Ho visto un prodotto in negozio ma non lo trovo sul sito. Come posso trovarlo?,Se hai visto un prodotto in un nostro negozio ma non riesci a trovarlo online scrivi nella sezioneContattacie indica il negozio e il prodotto che non vedi nel nostro sito.
I prezzi online sono gli stessi del Negozio?,"Iprezzi dei prodotti onlinesulsito Tecnomatdi ogni negozio sono sempreuguali a quelli del punto vendita.Ricorda sempre di selezionare il negozio di riferimento da cui vuoi acquistare.Vuoi saperne di pi√π?Quando entri per la prima volta sul sito, scegli il negozio pi√π vicino a te o il negozio di riferimento per poter conoscere prodotti, gamme, prezzi e disponibilit√† del punto vendita selezionato.Puoi modificare la tua scelta in qualsiasi momento in modo facile e veloce, vai sul nome del negozio e clicca ""cambia negozio""."
I prezzi possono cambiare da negozio a negozio?,I prezzi e le gamme dei prodotti possono cambiare da negozio a negozio perch√© sono adattati al mercato locale.La scelta di Tecnomat √® quella di offrirtiogni prodotto al miglior prezzo disponibile sulla piazza.
Cosa significa prodotto su ordinazione?,Quando un prodotto √® con statoSU ORDINAZIONEsignifica chenon √® disponibile immediatamentee non puoi ordinarlo o acquistarlo online sul nostro sito.Recati in negozio e chiedi ai venditori per poter ordinare il prodotto scelto.
I prezzi Tecnomat sono Iva inclusa?,"I nostri prezzi sonosempre Iva inclusa: in negozio, sul catalogo e online."
Quali sono i metodi di pagamento accettati?,"I metodi di pagamento accettati per gli ordini online sono:carte di credito (Mastercard, Visa, Maestro, Visa Electron e PostePay)Se decidi di pagare con carta di credito devi fornire i dettagli della tua carta al momento del check out. L‚Äôimporto totale dell‚Äôordine non √® addebitato immediatamente, all'inserimento dei dati della carta di credito, ma √® richiesta solo la pre-autorizzazione alla spesa, con plafond necessario all‚Äôacquisto. L‚Äôaddebito effettivo avviene solo quando i prodotti sono pronti per il ritiro o per la consegna.bonifico bancarioSe decidi di pagare con bonifico puoi conoscere tutti i dati per il pagamento nella email di conferma di ricevimento dell‚Äôordine. Il bonifico deve pervenire entro 7 giorni dalla data dell‚Äôordine.PaypalSe decidi di pagare con PayPal sei reindirizzato al sito di PayPal dove puoi accedere al tuo conto. L‚Äôimporto totale dell‚Äôordine non √® addebitato immediatamente, all'inserimento dei dati del conto Paypal, ma √® richiesta solo la pre-autorizzazione alla spesa, con plafond necessario all‚Äôacquisto. L‚Äôaddebito effettivo avviene solo quando i prodotti sono pronti per il ritiro o per la consegna.Paga in 3 rate con Paypal.Il servizio ""Paga in 3 rate"" √® un finanziamento in base al quale l'utente pu√≤ pagare in tre rate, senza interessi, gli acquisti idonei (da ‚Ç¨30 a ‚Ç¨2.000) effettuati utilizzando il proprio conto PayPal. Al momento dell'acquisto viene effettuato un pagamento iniziale a cui fanno seguito rate mensili distribuite su due mesi, a partire dalla data di sottoscrizione del contratto di finanziamento. Il finanziamento avviene direttamente con PayPal, non con Tecnomat, in caso di rifiuto o di anomalia della rateizzazione √® necessario contattare direttamente l'assistenza PayPal.Per ulteriori approfondimenti consulta la pagina dedicata suPayPal.Tutti imetodi di pagamento sono sempre visibilinella parte bassa del sito."
Come funziona il pagamento a rate con PayPal?,"Il pagamento a rate con PayPal √® uno dei metodi di pagamento accettato su sito Tecnomat.Il servizio""Paypal Paga in 3 rate""√® un finanziamento in cui si pu√≤ pagare intre rate senza interessigli acquisti idonei (da ‚Ç¨30 a ‚Ç¨2.000) effettuati utilizzando il proprio conto PayPal.Al momento dell'acquisto viene effettuato unpagamento inizialea cui fanno seguitorate mensilidistribuite su due mesi, a partire dalla data di sottoscrizione del contratto di finanziamento. Ilfinanziamento avviene direttamente con PayPal, non con Tecnomat, in caso di rifiuto o di anomalia della rateizzazione √® necessario contattare direttamente l'assistenza PayPal.Per ulteriori informazioni consulta la pagina dedicata suPayPal."
Cosa posso fare se ho un problema tecnico con il pagamento online?,"Se riscontri un problema tecnico durante un pagamento online,Contattacispecificando l'anomaliache stai riscontrando.Per velocizzare l'individuazione del problema e la risoluzione ti chiediamo di allegarci nella richiestala schermata di errore."
Cosa posso fare se il pagamento √® stato rifiutato?,"Se il pagamento non √® andato a buon fine e non sai per quale motivo,Contattaciindicando l'email dell'accountcon cui hai fatto l'ordine.Per velocizzare l'individuazione del problema e la risoluzione ti chiediamo di allegarci nella richiestala schermata di errore."
Come posso vedere i prezzi Carta PRO online se mi sono registrato in negozio?,"Se ti sei registrato a Carta PRO in un negozio Tecnomat e desideri accedere ai prezzi riservati online, √® sufficiente seguire questi semplici passaggi:crea un Account sul sitoVai sul sito Tecnomat e clicca suRegistrati.compila i campi richiestiUtilizza la stessa email e partita Iva che hai usato per ottenere Carta PRO in negozio.scopri subito vantaggi e prezzi riservati.Per ulteriori dettagli sulla Carta PRO e i suoi vantaggi, puoi consultare lapagina dedicata."
Chi pu√≤ richiedere Carta PRO?,"La Carta PRO pu√≤ essere ottenuta datutti i professionisti con partita Iva.Se non l‚Äôhai ancora fatto,segui questi semplici passaggied effettua la tua richiesta. Una volta attivata, potrai accedere a numerosi vantaggi:prezzi riservati: sconti esclusivi su tantissimi prodottiformazioni dedicate: accesso a webinar per i professionistiutilizzo online e in negozio: la tua Carta PRO √® utilizzabile ovunque."
Quali sono i vantaggi di Carta PRO?,"LaCarta PROoffre numerosivantaggi esclusiviper iprofessionisti con partita Iva.Carta PRO √® la cartagratuitae informato digitaleche permette ti d√† diritto a diversi vantaggi:prezzi riservatisull'acquisto di oltre 5.000 prodotti delle migliori marcheformazioni esclusiveutilizzabile in tutti i negozi e online.Puoi sottoscriverla in negozio, all'Accoglienza, o subito online sul nostro sito.Vuoi registrarti a Carta PRO sul sito?Se sei un cliente con partita IVA e sei gi√† registrato sul sito Tecnomat puoi sottoscrivere Carta PRO e ottenere subito online prezzi dedicati sull'acquisto di 5.000 prodotti delle migliori marche.Fai logininserendo la tua email e passwordSe non hai un account, registrati scegliendo il profilo professionista e compila tutti i dati. Controlla sempre che i dati che inserisci siano corretti perch√© li utilizziamo per inviarti comunicazioni relative al tuo ordine, alla consegna e alla fatturazione.iscrivitia Carta PROriceviil tuo codice Carta PRO via emailscoprionline iprezzi e i prodottidedicatiacquista onlinee ottieni tutti i vantaggi.Per ulteriori informazioni consulta lapagina Carta PRO."
Come posso richiedere la Carta PRO di Tecnomat?,"Carta PRO√® la cartagratuitae in formato digitale, riservata aiprofessionisti con partita Ivache¬†pu√≤ essere utilizzata online e in tutti i negozi Tecnomat.Puoi sottoscriverla attraverso 2 modalit√†:online, comodamente da casain negozio, presso l'Accoglienza.Vuoi registrarti a Carta PRO sul sito?Se sei un cliente con partita IVA e sei gi√† registrato sul sito Tecnomat puoi sottoscrivere Carta PRO e ottenere subito online prezzi dedicati sull'acquisto di 5.000 prodotti delle migliori marche.Fai logininserendo la tua email e passwordSe non hai un account, registrati scegliendo il profilo professionista e compila tutti i dati. Controlla sempre che i dati che inserisci siano corretti perch√© li utilizziamo per inviarti comunicazioni relative al tuo ordine, alla consegna e alla fatturazione.iscrivitia Carta PROriceviil tuo codice Carta PRO via emailscoprionline iprezzi e i prodottidedicatiacquista onlinee ottieni tutti i vantaggi.Per ulteriori informazioni consulta lapagina Carta PRO."
Come riconosco i prodotti Carta PRO?,"Carta PRO√® la cartariservata ai professionisti con partita Iva, utilizzabile online e in tutti i negozi.√à possibile riconoscere i prodotti e i prezzi Carta PRO sia sul sito Tecnomat sia in negozio, scopri come:Carta PRO onlineScopri i prodotti Carta PROI prodotti che hanno prezzi riservati Carta PRO sono identificati con la caratteristicaAvicina al prezzo, visibile sia nella lista dei prodotti o direttamente nella pagina dedicata all'articolo.accedi al tuo profilo PRO, scopri i prezzi e acquista.Vai allapagina di logine accedi per vedere i prezzi riservati. Se non hai ancora un account PRO, registrati con la tua partita Iva e sottoscrivi Carta PRO. Controlla sempre che i dati che inserisci siano corretti perch√© li utilizziamo per inviarti comunicazioni relative al tuo ordine, alla consegna e alla fatturazione.Carta PRO in negozioScopri i prodottiI prodotti Carta PRO sonoidentificati con una ""A""cerchiata sul cartello o sull'etichetta del prodotto.accedi con il tuo profilo PRO o registratiVai allapagina di¬†logine accedi o registrati. Se non hai un account,registratiscegliendo il profilo professionista e compila tutti i dati. Controlla sempre che i dati che inserisci siano corretti perch√© li utilizziamo per inviarti comunicazioni relative al tuo ordine, alla consegna e alla fatturazione.scopri i prezzi e acquista.Per conoscere il prezzo dedicato, inquadra con il tuo smartphone il codice a barre del prodotto tramite¬†lafunzione SCANche trovi sulla barra di ricerca.Per scoprire di pi√π, consultala pagina Carta PRO."
Posso utilizzare Carta PRO per gli acquisti online?,"UtilizzareCarta PROper i tuoiacquisti online√® facile e veloce, segui questi semplici passaggi per scoprire ed ottenere i prezzi dedicati.Scopri i prodotti Carta PROI prodotti che hanno i prezzi riservati Carta PRO sono identificati con la caratteristicaAvicina al prezzo, visibile nella lista dei prodotti o direttamente nella pagina dell'articolo.accedi al tuo profilo PRO e scopri i prezziVai alla pagina dilogine accedi per vedere i prezzi riservati. Se non hai ancora un account PRO,registratisubito con la tua partita Iva e sottoscrivi Carta PRO.acquista online.Hai Carta PRO e vuoi registrarti sul sito?Se sei un cliente con partita Iva e hai la Carta PRO, puoi registrarti al sito Tecnomat e ottenere subito online i prezzi dedicati sull'acquisto di oltre 5.000 prodotti delle migliori marche.Accedi a Login/Registrazione, registrati e ricevi subito una email di confermaRicordati di utilizzare la stessa partita Iva e la stessa email utilizzata per l'iscrizione a Carta PROscopri online i prezzi e i prodotti dedicatiacquista online e ottieni tutti i vantaggi.Per scoprire di pi√π, consulta lapagina Carta PRO."
La Carta PRO √® solo digitale?,"S√¨, la Carta PRO esiste solo in formato digitale: puoi visualizzarlaaccedendoal sito Tecnomat con il tuo account personale. In alternativa, puoi trovare il codice della tua Carta PRO nella email di conferma che ti abbiamo inviato.Tecnomat ha scelto questa soluzione per due ragioni principali:facilit√† d'usoLa Carta PRO digitale √® pi√π semplice da utilizzare, sia nei negozi sia online: basta avere con te il tuo smartphone.sostenibilit√†.Il formato digitale contribuisce a salvaguardare l'ambiente diminuendo l‚Äôuso della plastica."
Cosa posso fare se non vedo i prezzi riservati Carta PRO?,"Se non visualizzi i prezzi dedicati Carta PRO sul sito di Tecnomat, potrebbe trattarsi di un problema tecnico temporaneo.Ti consigliamo di attendere il giorno successivo e seguire questi semplici passaggi:esci dal tuo accountVai sul sito Tecnomat, clicca sul tuo profilo in alto a destra e seleziona l'opzione Logout.rientra nel tuo account.Effettua nuovamente il Login inserendo le tue credenziali.Se il problema persiste,contatta il nostro servizio clientiper ulteriore assistenza."
Che cos'√® PROLAB?,"PROLAB√® il Laboratorio dei Professionisti di Tecnomat,uno spazio virtuale per la formazione e l‚Äôapprofondimento sui prodottiriservato ai titolari di partita Iva e Carta PRO.In PROLAB potrai partecipare a tantissimiwebinar gratuiti, ciascuno organizzatoin collaborazione con i migliori branddel settore come Daikin, Bticino, Grohe e tanti altri.Gli eventi sono disponibili interamente online e potrai seguirli da pc, tablet o telefono.Per iscriverti a uno dei webinar gratuiti ti basta:essere un professionista con partita Ivaavere un dispositivo e una connessione internetaccedereoregistrartial sito di Tecnomat.Vai sul sito Tecnomate scopri tutti i prossimi appuntamenti in agenda!"
Come posso registrarmi sul sito Tecnomat?,"Per effettuare un acquisto online sul sito Tecnomat √®necessario essere registrati.Puoi farlo in qualsiasi momento e in pochi semplici passaggi:vaisul sito Tecnomataccedia Login/Registrazionecrea il tuo account, scegli tra privato e professionista e compila tutti i datiControlla sempre chei dati che inserisci siano correttiperch√© li utilizziamo per inviarti comunicazioni relative al tuo ordine, alla consegna e alla fatturazione.riceviuna emaildi avvenuta registrazione quando la procedura √® completa.Sei un professionista registrato sul sito e vuoi registrarti a Carta PRO?Se sei un cliente con partita Iva e sei gi√† registrato sul sito Tecnomat, puoi sottoscrivere Carta PRO e ottenere direttamente online prezzi riservati sull'acquisto di oltre 5.000 prodotti delle migliori marche.Accedia Login/Registrazioneinserendo la tua email e passwordiscrivitia Carta PROricevi una emailcon il tuo codice Carta PROscoprionline iprezzi e i prodottidedicatiacquista onlinee ottieni tutti i vantaggi.Hai Carta PRO e vuoi registrarti sul sito?Se sei un cliente con partita Iva e hai la Carta PRO, puoi registrarti al sito Tecnomat e ottenere direttamente online i prezzi riservati sull'acquisto di oltre 5.000 prodotti delle migliori marche.Accedia Login/Registrazione,registrati e ricevi subito una email di confermaRicordati di utilizzare la stessa email e partita Iva utilizzata per l'iscrizione a Carta PROscoprionline iprezzi e i prodottidedicatiacquista onlinee ottieni tutti i vantaggi."
Come posso cancellare i miei dati?,"Puoi sempre decidere di cancellare i tuoi dati,Contatta il servizio clientiper poter procedere.Se hai un ordine in corso, ti consigliamo di attendere finch√© l'ordine non √® completato e consegnato.Per conoscere tutte le informazioni sul trattamento dei dati consulta lapagina privacydel nostro sito."
Posso creare un promemoria online?,Puoicreare la lista dei prodotti che vuoi acquistareutilizzando la funzione promemoria.Registrati al sitoe prepara il tuo elenco in quattro semplici passaggi:Vai sul sitoTecnomat escegli il negozioin cui creare il promemoriaclicca sul simbolo del cuore ü§ç peraggiungere un prodottoseleziona un promemoriao creane uno nuovocontinua a scegliere einserisci i prodotti nella lista.Nella sezionePromemoria e Preordinidella tua Area personale puoi sempre trovare le tue liste e decidere di stamparle oconvertirle in un ordine online.Fai attenzione al negozio in cui crei il promemoria.
Come posso recuperare la password?,"Puoi recuperare la tua password dimenticata in qualsiasi momento, in tre semplici passaggi:Vai sul sito TecnomataccediaLogin/Registrazioneclicca su ""Hai dimenticato la password?"" e segui le indicazioni per impostare una nuova password.Inserisci il tuo indirizzo email e clicca procedi per ricevere un link attivo 24 ore. Il link pu√≤ essere utilizzare una sola volta; inserisci la nuova password ed utilizzarla per accedere alla tua Area personale.Se non hai dimenticato la password, madesideri semplicemente cambiarla, puoi farlo nella tua Area personale nella sezione ""Dati personali""."
Come posso iscrivermi o cancellare l'iscrizione alla newsletter?,"Perrimanere sempre aggiornatoe non perderti le novit√†, visita il nostro sito oiscriviti alla newsletter Tecnomat.Sei uncliente gi√† registratoal sito?L'iscrizione o la cancellazione alla newsletter pu√≤ sempre esseremodificata nella tua Area personalenella sezione ""Newsletter, notifiche e privacy"".Sei uncliente non registrato?Puoiiscriverti alla nostra newsletterdallapagina dedicatao dalla sezione che trovi in fondo a tutte le pagine del sito.Perannullare l'iscrizionee non ricevere pi√π comunicazioni da Tecnomat devi prendere l'ultima newsletter che hai ricevuto e cliccare sul link che trovi in fondo alla pagina."
Posso eliminare il mio account Tecnomat?,Per eliminare il tuo accountContattacieindica l'emaildel profilo che vuoi cancellare.
